<?xml version="1.0" encoding="UTF-8" standalone="yes"?>
<?mso-application progid="Word.Document"?>
<w:wordDocument xmlns:aml="http://schemas.microsoft.com/aml/2001/core"
	xmlns:dt="uuid:C2F41010-65B3-11d1-A29F-00AA00C14882" xmlns:ve="http://schemas.openxmlformats.org/markup-compatibility/2006"
	xmlns:o="urn:schemas-microsoft-com:office:office" xmlns:v="urn:schemas-microsoft-com:vml"
	xmlns:w10="urn:schemas-microsoft-com:office:word" xmlns:w="http://schemas.microsoft.com/office/word/2003/wordml"
	xmlns:wx="http://schemas.microsoft.com/office/word/2003/auxHint"
	xmlns:wsp="http://schemas.microsoft.com/office/word/2003/wordml/sp2"
	xmlns:sl="http://schemas.microsoft.com/schemaLibrary/2003/core"
	w:macrosPresent="no" w:embeddedObjPresent="no" w:ocxPresent="no"
	xml:space="preserve">
	<w:ignoreSubtree
	w:val="http://schemas.microsoft.com/office/word/2003/wordml/sp2" />
	<o:DocumentProperties>
		<o:Author>微软用户</o:Author>
		<o:LastAuthor>微软用户</o:LastAuthor>
		<o:Revision>2</o:Revision>
		<o:TotalTime>0</o:TotalTime>
		<o:Created>2011-05-06T02:19:00Z</o:Created>
		<o:LastSaved>2011-05-06T02:19:00Z</o:LastSaved>
		<o:Pages>1</o:Pages>
		<o:Words>34</o:Words>
		<o:Characters>199</o:Characters>
		<o:Company>微软中国</o:Company>
		<o:Lines>1</o:Lines>
		<o:Paragraphs>1</o:Paragraphs>
		<o:CharactersWithSpaces>232</o:CharactersWithSpaces>
		<o:Version>12</o:Version>
	</o:DocumentProperties>
	<w:fonts>
		<w:defaultFonts w:ascii="Calibri" w:fareast="宋体"
	w:h-ansi="Calibri" w:cs="Times New Roman" />
		<w:font w:name="Times New Roman">
			<w:panose-1 w:val="02020603050405020304" />
			<w:charset w:val="00" />
			<w:family w:val="Roman" />
			<w:pitch w:val="variable" />
			<w:sig w:usb-0="20002A87" w:usb-1="80000000" w:usb-2="00000008"
	w:usb-3="00000000" w:csb-0="000001FF" w:csb-1="00000000" />
		</w:font>
		<w:font w:name="Arial">
			<w:panose-1 w:val="020B0604020202020204" />
			<w:charset w:val="00" />
			<w:family w:val="Swiss" />
			<w:pitch w:val="variable" />
			<w:sig w:usb-0="20002A87" w:usb-1="80000000" w:usb-2="00000008"
	w:usb-3="00000000" w:csb-0="000001FF" w:csb-1="00000000" />
		</w:font>
		<w:font w:name="宋体">
			<w:altName w:val="SimSun" />
			<w:panose-1 w:val="02010600030101010101" />
			<w:charset w:val="86" />
			<w:family w:val="auto" />
			<w:pitch w:val="variable" />
			<w:sig w:usb-0="00000003" w:usb-1="080E0000" w:usb-2="00000010"
	w:usb-3="00000000" w:csb-0="00040001" w:csb-1="00000000" />
		</w:font>
		<w:font w:name="黑体">
			<w:altName w:val="SimHei" />
			<w:panose-1 w:val="02010600030101010101" />
			<w:charset w:val="86" />
			<w:family w:val="auto" />
			<w:pitch w:val="variable" />
			<w:sig w:usb-0="00000001" w:usb-1="080E0000" w:usb-2="00000010"
	w:usb-3="00000000" w:csb-0="00040000" w:csb-1="00000000" />
		</w:font>
		<w:font w:name="Cambria Math">
			<w:panose-1 w:val="02040503050406030204" />
			<w:charset w:val="00" />
			<w:family w:val="Roman" />
			<w:pitch w:val="variable" />
			<w:sig w:usb-0="A00002EF" w:usb-1="420020EB" w:usb-2="00000000"
	w:usb-3="00000000" w:csb-0="0000009F" w:csb-1="00000000" />
		</w:font>
		<w:font w:name="Calibri">
			<w:panose-1 w:val="020F0502020204030204" />
			<w:charset w:val="00" />
			<w:family w:val="Swiss" />
			<w:pitch w:val="variable" />
			<w:sig w:usb-0="A00002EF" w:usb-1="4000207B" w:usb-2="00000000"
	w:usb-3="00000000" w:csb-0="0000009F" w:csb-1="00000000" />
		</w:font>
		<w:font w:name="@宋体">
			<w:panose-1 w:val="02010600030101010101" />
			<w:charset w:val="86" />
			<w:family w:val="auto" />
			<w:pitch w:val="variable" />
			<w:sig w:usb-0="00000003" w:usb-1="080E0000" w:usb-2="00000010"
	w:usb-3="00000000" w:csb-0="00040001" w:csb-1="00000000" />
		</w:font>
		<w:font w:name="@黑体">
			<w:panose-1 w:val="02010600030101010101" />
			<w:charset w:val="86" />
			<w:family w:val="auto" />
			<w:pitch w:val="variable" />
			<w:sig w:usb-0="00000001" w:usb-1="080E0000" w:usb-2="00000010"
	w:usb-3="00000000" w:csb-0="00040000" w:csb-1="00000000" />
		</w:font>
	</w:fonts>
	<w:lists>
		<w:listDef w:listDefId="0">
			<w:lsid w:val="0DE948CF" />
			<w:plt w:val="Multilevel" />
			<w:tmpl w:val="8E248FBC" />
			<w:lvl w:ilvl="0">
				<w:start w:val="1" />
				<w:pStyle w:val="1" />
				<w:lvlText w:val="%1" />
				<w:lvlJc w:val="left" />
				<w:pPr>
					<w:tabs>
						<w:tab w:val="list" w:pos="432" />
					</w:tabs>
					<w:ind w:left="432" w:hanging="432" />
				</w:pPr>
				<w:rPr>
					<w:rFonts w:hint="fareast" />
					<w:sz w:val="32" />
					<w:sz-cs w:val="32" />
				</w:rPr>
			</w:lvl>
			<w:lvl w:ilvl="1">
				<w:start w:val="1" />
				<w:pStyle w:val="2" />
				<w:lvlText w:val="%1.%2" />
				<w:lvlJc w:val="left" />
				<w:pPr>
					<w:tabs>
						<w:tab w:val="list" w:pos="576" />
					</w:tabs>
					<w:ind w:left="576" w:hanging="576" />
				</w:pPr>
				<w:rPr>
					<w:rFonts w:hint="fareast" />
				</w:rPr>
			</w:lvl>
			<w:lvl w:ilvl="2">
				<w:start w:val="1" />
				<w:pStyle w:val="3" />
				<w:lvlText w:val="%1.%2.%3" />
				<w:lvlJc w:val="left" />
				<w:pPr>
					<w:tabs>
						<w:tab w:val="list" w:pos="720" />
					</w:tabs>
					<w:ind w:left="720" w:hanging="720" />
				</w:pPr>
				<w:rPr>
					<w:rFonts w:hint="fareast" />
				</w:rPr>
			</w:lvl>
			<w:lvl w:ilvl="3">
				<w:start w:val="1" />
				<w:pStyle w:val="4" />
				<w:lvlText w:val="%1.%2.%3.%4" />
				<w:lvlJc w:val="left" />
				<w:pPr>
					<w:tabs>
						<w:tab w:val="list" w:pos="864" />
					</w:tabs>
					<w:ind w:left="864" w:hanging="864" />
				</w:pPr>
				<w:rPr>
					<w:rFonts w:hint="fareast" />
				</w:rPr>
			</w:lvl>
			<w:lvl w:ilvl="4">
				<w:start w:val="1" />
				<w:pStyle w:val="5" />
				<w:lvlText w:val="%1.%2.%3.%4.%5" />
				<w:lvlJc w:val="left" />
				<w:pPr>
					<w:tabs>
						<w:tab w:val="list" w:pos="1008" />
					</w:tabs>
					<w:ind w:left="1008" w:hanging="1008" />
				</w:pPr>
				<w:rPr>
					<w:rFonts w:hint="fareast" />
				</w:rPr>
			</w:lvl>
			<w:lvl w:ilvl="5">
				<w:start w:val="1" />
				<w:pStyle w:val="6" />
				<w:lvlText w:val="%1.%2.%3.%4.%5.%6" />
				<w:lvlJc w:val="left" />
				<w:pPr>
					<w:tabs>
						<w:tab w:val="list" w:pos="1152" />
					</w:tabs>
					<w:ind w:left="1152" w:hanging="1152" />
				</w:pPr>
				<w:rPr>
					<w:rFonts w:hint="fareast" />
				</w:rPr>
			</w:lvl>
			<w:lvl w:ilvl="6">
				<w:start w:val="1" />
				<w:pStyle w:val="7" />
				<w:lvlText w:val="%1.%2.%3.%4.%5.%6.%7" />
				<w:lvlJc w:val="left" />
				<w:pPr>
					<w:tabs>
						<w:tab w:val="list" w:pos="1296" />
					</w:tabs>
					<w:ind w:left="1296" w:hanging="1296" />
				</w:pPr>
				<w:rPr>
					<w:rFonts w:hint="fareast" />
				</w:rPr>
			</w:lvl>
			<w:lvl w:ilvl="7">
				<w:start w:val="1" />
				<w:pStyle w:val="8" />
				<w:lvlText w:val="%1.%2.%3.%4.%5.%6.%7.%8" />
				<w:lvlJc w:val="left" />
				<w:pPr>
					<w:tabs>
						<w:tab w:val="list" w:pos="1440" />
					</w:tabs>
					<w:ind w:left="1440" w:hanging="1440" />
				</w:pPr>
				<w:rPr>
					<w:rFonts w:hint="fareast" />
				</w:rPr>
			</w:lvl>
			<w:lvl w:ilvl="8">
				<w:start w:val="1" />
				<w:pStyle w:val="9" />
				<w:lvlText w:val="%1.%2.%3.%4.%5.%6.%7.%8.%9" />
				<w:lvlJc w:val="left" />
				<w:pPr>
					<w:tabs>
						<w:tab w:val="list" w:pos="1584" />
					</w:tabs>
					<w:ind w:left="1584" w:hanging="1584" />
				</w:pPr>
				<w:rPr>
					<w:rFonts w:hint="fareast" />
				</w:rPr>
			</w:lvl>
		</w:listDef>
		<w:list w:ilfo="1">
			<w:ilst w:val="0" />
		</w:list>
	</w:lists>
	<w:styles>
		<w:versionOfBuiltInStylenames w:val="7" />
		<w:latentStyles w:defLockedState="off"
	w:latentStyleCount="267">
			<w:lsdException w:name="Normal" />
			<w:lsdException w:name="heading 1" />
			<w:lsdException w:name="heading 2" />
			<w:lsdException w:name="heading 3" />
			<w:lsdException w:name="heading 4" />
			<w:lsdException w:name="heading 5" />
			<w:lsdException w:name="heading 6" />
			<w:lsdException w:name="heading 7" />
			<w:lsdException w:name="heading 8" />
			<w:lsdException w:name="heading 9" />
			<w:lsdException w:name="toc 1" />
			<w:lsdException w:name="toc 2" />
			<w:lsdException w:name="toc 3" />
			<w:lsdException w:name="toc 4" />
			<w:lsdException w:name="toc 5" />
			<w:lsdException w:name="toc 6" />
			<w:lsdException w:name="toc 7" />
			<w:lsdException w:name="toc 8" />
			<w:lsdException w:name="toc 9" />
			<w:lsdException w:name="caption" />
			<w:lsdException w:name="Title" />
			<w:lsdException w:name="Default Paragraph Font" />
			<w:lsdException w:name="Subtitle" />
			<w:lsdException w:name="Strong" />
			<w:lsdException w:name="Emphasis" />
			<w:lsdException w:name="Table Grid" />
			<w:lsdException w:name="Placeholder Text" />
			<w:lsdException w:name="No Spacing" />
			<w:lsdException w:name="Light Shading" />
			<w:lsdException w:name="Light List" />
			<w:lsdException w:name="Light Grid" />
			<w:lsdException w:name="Medium Shading 1" />
			<w:lsdException w:name="Medium Shading 2" />
			<w:lsdException w:name="Medium List 1" />
			<w:lsdException w:name="Medium List 2" />
			<w:lsdException w:name="Medium Grid 1" />
			<w:lsdException w:name="Medium Grid 2" />
			<w:lsdException w:name="Medium Grid 3" />
			<w:lsdException w:name="Dark List" />
			<w:lsdException w:name="Colorful Shading" />
			<w:lsdException w:name="Colorful List" />
			<w:lsdException w:name="Colorful Grid" />
			<w:lsdException w:name="Light Shading Accent 1" />
			<w:lsdException w:name="Light List Accent 1" />
			<w:lsdException w:name="Light Grid Accent 1" />
			<w:lsdException w:name="Medium Shading 1 Accent 1" />
			<w:lsdException w:name="Medium Shading 2 Accent 1" />
			<w:lsdException w:name="Medium List 1 Accent 1" />
			<w:lsdException w:name="Revision" />
			<w:lsdException w:name="List Paragraph" />
			<w:lsdException w:name="Quote" />
			<w:lsdException w:name="Intense Quote" />
			<w:lsdException w:name="Medium List 2 Accent 1" />
			<w:lsdException w:name="Medium Grid 1 Accent 1" />
			<w:lsdException w:name="Medium Grid 2 Accent 1" />
			<w:lsdException w:name="Medium Grid 3 Accent 1" />
			<w:lsdException w:name="Dark List Accent 1" />
			<w:lsdException w:name="Colorful Shading Accent 1" />
			<w:lsdException w:name="Colorful List Accent 1" />
			<w:lsdException w:name="Colorful Grid Accent 1" />
			<w:lsdException w:name="Light Shading Accent 2" />
			<w:lsdException w:name="Light List Accent 2" />
			<w:lsdException w:name="Light Grid Accent 2" />
			<w:lsdException w:name="Medium Shading 1 Accent 2" />
			<w:lsdException w:name="Medium Shading 2 Accent 2" />
			<w:lsdException w:name="Medium List 1 Accent 2" />
			<w:lsdException w:name="Medium List 2 Accent 2" />
			<w:lsdException w:name="Medium Grid 1 Accent 2" />
			<w:lsdException w:name="Medium Grid 2 Accent 2" />
			<w:lsdException w:name="Medium Grid 3 Accent 2" />
			<w:lsdException w:name="Dark List Accent 2" />
			<w:lsdException w:name="Colorful Shading Accent 2" />
			<w:lsdException w:name="Colorful List Accent 2" />
			<w:lsdException w:name="Colorful Grid Accent 2" />
			<w:lsdException w:name="Light Shading Accent 3" />
			<w:lsdException w:name="Light List Accent 3" />
			<w:lsdException w:name="Light Grid Accent 3" />
			<w:lsdException w:name="Medium Shading 1 Accent 3" />
			<w:lsdException w:name="Medium Shading 2 Accent 3" />
			<w:lsdException w:name="Medium List 1 Accent 3" />
			<w:lsdException w:name="Medium List 2 Accent 3" />
			<w:lsdException w:name="Medium Grid 1 Accent 3" />
			<w:lsdException w:name="Medium Grid 2 Accent 3" />
			<w:lsdException w:name="Medium Grid 3 Accent 3" />
			<w:lsdException w:name="Dark List Accent 3" />
			<w:lsdException w:name="Colorful Shading Accent 3" />
			<w:lsdException w:name="Colorful List Accent 3" />
			<w:lsdException w:name="Colorful Grid Accent 3" />
			<w:lsdException w:name="Light Shading Accent 4" />
			<w:lsdException w:name="Light List Accent 4" />
			<w:lsdException w:name="Light Grid Accent 4" />
			<w:lsdException w:name="Medium Shading 1 Accent 4" />
			<w:lsdException w:name="Medium Shading 2 Accent 4" />
			<w:lsdException w:name="Medium List 1 Accent 4" />
			<w:lsdException w:name="Medium List 2 Accent 4" />
			<w:lsdException w:name="Medium Grid 1 Accent 4" />
			<w:lsdException w:name="Medium Grid 2 Accent 4" />
			<w:lsdException w:name="Medium Grid 3 Accent 4" />
			<w:lsdException w:name="Dark List Accent 4" />
			<w:lsdException w:name="Colorful Shading Accent 4" />
			<w:lsdException w:name="Colorful List Accent 4" />
			<w:lsdException w:name="Colorful Grid Accent 4" />
			<w:lsdException w:name="Light Shading Accent 5" />
			<w:lsdException w:name="Light List Accent 5" />
			<w:lsdException w:name="Light Grid Accent 5" />
			<w:lsdException w:name="Medium Shading 1 Accent 5" />
			<w:lsdException w:name="Medium Shading 2 Accent 5" />
			<w:lsdException w:name="Medium List 1 Accent 5" />
			<w:lsdException w:name="Medium List 2 Accent 5" />
			<w:lsdException w:name="Medium Grid 1 Accent 5" />
			<w:lsdException w:name="Medium Grid 2 Accent 5" />
			<w:lsdException w:name="Medium Grid 3 Accent 5" />
			<w:lsdException w:name="Dark List Accent 5" />
			<w:lsdException w:name="Colorful Shading Accent 5" />
			<w:lsdException w:name="Colorful List Accent 5" />
			<w:lsdException w:name="Colorful Grid Accent 5" />
			<w:lsdException w:name="Light Shading Accent 6" />
			<w:lsdException w:name="Light List Accent 6" />
			<w:lsdException w:name="Light Grid Accent 6" />
			<w:lsdException w:name="Medium Shading 1 Accent 6" />
			<w:lsdException w:name="Medium Shading 2 Accent 6" />
			<w:lsdException w:name="Medium List 1 Accent 6" />
			<w:lsdException w:name="Medium List 2 Accent 6" />
			<w:lsdException w:name="Medium Grid 1 Accent 6" />
			<w:lsdException w:name="Medium Grid 2 Accent 6" />
			<w:lsdException w:name="Medium Grid 3 Accent 6" />
			<w:lsdException w:name="Dark List Accent 6" />
			<w:lsdException w:name="Colorful Shading Accent 6" />
			<w:lsdException w:name="Colorful List Accent 6" />
			<w:lsdException w:name="Colorful Grid Accent 6" />
			<w:lsdException w:name="Subtle Emphasis" />
			<w:lsdException w:name="Intense Emphasis" />
			<w:lsdException w:name="Subtle Reference" />
			<w:lsdException w:name="Intense Reference" />
			<w:lsdException w:name="Book Title" />
			<w:lsdException w:name="Bibliography" />
			<w:lsdException w:name="TOC Heading" />
		</w:latentStyles>
		<w:style w:type="paragraph" w:default="on" w:styleId="a">
			<w:name w:val="Normal" />
			<wx:uiName wx:val="正文" />
			<w:rsid w:val="000F6C7F" />
			<w:pPr>
				<w:widowControl w:val="off" />
				<w:jc w:val="both" />
			</w:pPr>
			<w:rPr>
				<wx:font wx:val="Calibri" />
				<w:kern w:val="2" />
				<w:sz w:val="21" />
				<w:sz-cs w:val="22" />
				<w:lang w:val="EN-US" w:fareast="ZH-CN" w:bidi="AR-SA" />
			</w:rPr>
		</w:style>
		<w:style w:type="paragraph" w:styleId="1">
			<w:name w:val="heading 1" />
			<wx:uiName wx:val="标题 1" />
			<w:basedOn w:val="a" />
			<w:next w:val="a" />
			<w:link w:val="1Char" />
			<w:rsid w:val="00413BD7" />
			<w:pPr>
				<w:keepNext />
				<w:keepLines />
				<w:listPr>
					<w:ilfo w:val="1" />
				</w:listPr>
				<w:spacing w:before="340" w:after="330" w:line="578"
	w:line-rule="auto" />
				<w:outlineLvl w:val="0" />
			</w:pPr>
			<w:rPr>
				<w:rFonts w:ascii="Times New Roman" w:h-ansi="Times New Roman" />
				<wx:font wx:val="Times New Roman" />
				<w:b />
				<w:b-cs />
				<w:kern w:val="32" />
				<w:sz w:val="32" />
				<w:sz-cs w:val="32" />
			</w:rPr>
		</w:style>
		<w:style w:type="paragraph" w:styleId="2">
			<w:name w:val="heading 2" />
			<wx:uiName wx:val="标题 2" />
			<w:basedOn w:val="a" />
			<w:next w:val="a" />
			<w:link w:val="2Char" />
			<w:autoRedefine />
			<w:rsid w:val="00413BD7" />
			<w:pPr>
				<w:keepNext />
				<w:keepLines />
				<w:listPr>
					<w:ilvl w:val="1" />
					<w:ilfo w:val="1" />
				</w:listPr>
				<w:spacing w:before="260" w:after="260" w:line="416"
	w:line-rule="auto" />
				<w:outlineLvl w:val="1" />
			</w:pPr>
			<w:rPr>
				<w:rFonts w:ascii="Arial" w:h-ansi="Arial" />
				<wx:font wx:val="Arial" />
				<w:b />
				<w:b-cs />
				<w:kern w:val="32" />
				<w:sz w:val="30" />
				<w:sz-cs w:val="32" />
			</w:rPr>
		</w:style>
		<w:style w:type="paragraph" w:styleId="3">
			<w:name w:val="heading 3" />
			<wx:uiName wx:val="标题 3" />
			<w:basedOn w:val="a" />
			<w:next w:val="a" />
			<w:link w:val="3Char" />
			<w:rsid w:val="00413BD7" />
			<w:pPr>
				<w:keepNext />
				<w:keepLines />
				<w:listPr>
					<w:ilvl w:val="2" />
					<w:ilfo w:val="1" />
				</w:listPr>
				<w:spacing w:before="260" w:after="260" w:line="416"
	w:line-rule="auto" />
				<w:outlineLvl w:val="2" />
			</w:pPr>
			<w:rPr>
				<w:rFonts w:ascii="Times New Roman" w:h-ansi="Times New Roman" />
				<wx:font wx:val="Times New Roman" />
				<w:b />
				<w:b-cs />
				<w:sz w:val="28" />
				<w:sz-cs w:val="32" />
			</w:rPr>
		</w:style>
		<w:style w:type="paragraph" w:styleId="4">
			<w:name w:val="heading 4" />
			<wx:uiName wx:val="标题 4" />
			<w:basedOn w:val="a" />
			<w:next w:val="a" />
			<w:link w:val="4Char" />
			<w:rsid w:val="00413BD7" />
			<w:pPr>
				<w:keepNext />
				<w:keepLines />
				<w:listPr>
					<w:ilvl w:val="3" />
					<w:ilfo w:val="1" />
				</w:listPr>
				<w:spacing w:before="280" w:after="290" w:line="376"
	w:line-rule="auto" />
				<w:outlineLvl w:val="3" />
			</w:pPr>
			<w:rPr>
				<w:rFonts w:ascii="Arial" w:fareast="黑体" w:h-ansi="Arial" />
				<wx:font wx:val="Arial" />
				<w:b />
				<w:b-cs />
				<w:sz w:val="28" />
				<w:sz-cs w:val="28" />
			</w:rPr>
		</w:style>
		<w:style w:type="paragraph" w:styleId="5">
			<w:name w:val="heading 5" />
			<wx:uiName wx:val="标题 5" />
			<w:basedOn w:val="a" />
			<w:next w:val="a" />
			<w:link w:val="5Char" />
			<w:rsid w:val="00413BD7" />
			<w:pPr>
				<w:keepNext />
				<w:keepLines />
				<w:listPr>
					<w:ilvl w:val="4" />
					<w:ilfo w:val="1" />
				</w:listPr>
				<w:spacing w:before="280" w:after="290" w:line="376"
	w:line-rule="auto" />
				<w:outlineLvl w:val="4" />
			</w:pPr>
			<w:rPr>
				<w:rFonts w:ascii="Times New Roman" w:h-ansi="Times New Roman" />
				<wx:font wx:val="Times New Roman" />
				<w:b />
				<w:b-cs />
				<w:sz w:val="28" />
				<w:sz-cs w:val="28" />
			</w:rPr>
		</w:style>
		<w:style w:type="paragraph" w:styleId="6">
			<w:name w:val="heading 6" />
			<wx:uiName wx:val="标题 6" />
			<w:basedOn w:val="a" />
			<w:next w:val="a" />
			<w:link w:val="6Char" />
			<w:rsid w:val="00413BD7" />
			<w:pPr>
				<w:keepNext />
				<w:keepLines />
				<w:listPr>
					<w:ilvl w:val="5" />
					<w:ilfo w:val="1" />
				</w:listPr>
				<w:spacing w:before="240" w:after="64" w:line="320"
	w:line-rule="auto" />
				<w:outlineLvl w:val="5" />
			</w:pPr>
			<w:rPr>
				<w:rFonts w:ascii="Arial" w:fareast="黑体" w:h-ansi="Arial" />
				<wx:font wx:val="Arial" />
				<w:b />
				<w:b-cs />
				<w:sz w:val="24" />
				<w:sz-cs w:val="24" />
			</w:rPr>
		</w:style>
		<w:style w:type="paragraph" w:styleId="7">
			<w:name w:val="heading 7" />
			<wx:uiName wx:val="标题 7" />
			<w:basedOn w:val="a" />
			<w:next w:val="a" />
			<w:link w:val="7Char" />
			<w:rsid w:val="00413BD7" />
			<w:pPr>
				<w:keepNext />
				<w:keepLines />
				<w:listPr>
					<w:ilvl w:val="6" />
					<w:ilfo w:val="1" />
				</w:listPr>
				<w:spacing w:before="240" w:after="64" w:line="320"
	w:line-rule="auto" />
				<w:outlineLvl w:val="6" />
			</w:pPr>
			<w:rPr>
				<w:rFonts w:ascii="Times New Roman" w:h-ansi="Times New Roman" />
				<wx:font wx:val="Times New Roman" />
				<w:b />
				<w:b-cs />
				<w:sz w:val="24" />
				<w:sz-cs w:val="24" />
			</w:rPr>
		</w:style>
		<w:style w:type="paragraph" w:styleId="8">
			<w:name w:val="heading 8" />
			<wx:uiName wx:val="标题 8" />
			<w:basedOn w:val="a" />
			<w:next w:val="a" />
			<w:link w:val="8Char" />
			<w:rsid w:val="00413BD7" />
			<w:pPr>
				<w:keepNext />
				<w:keepLines />
				<w:listPr>
					<w:ilvl w:val="7" />
					<w:ilfo w:val="1" />
				</w:listPr>
				<w:spacing w:before="240" w:after="64" w:line="320"
	w:line-rule="auto" />
				<w:outlineLvl w:val="7" />
			</w:pPr>
			<w:rPr>
				<w:rFonts w:ascii="Arial" w:fareast="黑体" w:h-ansi="Arial" />
				<wx:font wx:val="Arial" />
				<w:sz w:val="24" />
				<w:sz-cs w:val="24" />
			</w:rPr>
		</w:style>
		<w:style w:type="paragraph" w:styleId="9">
			<w:name w:val="heading 9" />
			<wx:uiName wx:val="标题 9" />
			<w:basedOn w:val="a" />
			<w:next w:val="a" />
			<w:link w:val="9Char" />
			<w:rsid w:val="00413BD7" />
			<w:pPr>
				<w:keepNext />
				<w:keepLines />
				<w:listPr>
					<w:ilvl w:val="8" />
					<w:ilfo w:val="1" />
				</w:listPr>
				<w:spacing w:before="240" w:after="64" w:line="320"
	w:line-rule="auto" />
				<w:outlineLvl w:val="8" />
			</w:pPr>
			<w:rPr>
				<w:rFonts w:ascii="Arial" w:fareast="黑体" w:h-ansi="Arial" />
				<wx:font wx:val="Arial" />
				<w:sz w:val="28" />
				<w:sz-cs w:val="21" />
			</w:rPr>
		</w:style>
		<w:style w:type="character" w:default="on" w:styleId="a0">
			<w:name w:val="Default Paragraph Font" />
			<wx:uiName wx:val="默认段落字体" />
		</w:style>
		<w:style w:type="table" w:default="on" w:styleId="a1">
			<w:name w:val="Normal Table" />
			<wx:uiName wx:val="普通表格" />
			<w:rPr>
				<wx:font wx:val="Calibri" />
				<w:lang w:val="EN-US" w:fareast="ZH-CN" w:bidi="AR-SA" />
			</w:rPr>
			<w:tblPr>
				<w:tblInd w:w="0" w:type="dxa" />
				<w:tblCellMar>
					<w:top w:w="0" w:type="dxa" />
					<w:left w:w="108" w:type="dxa" />
					<w:bottom w:w="0" w:type="dxa" />
					<w:right w:w="108" w:type="dxa" />
				</w:tblCellMar>
			</w:tblPr>
		</w:style>
		<w:style w:type="list" w:default="on" w:styleId="a2">
			<w:name w:val="No List" />
			<wx:uiName wx:val="无列表" />
		</w:style>
		<w:style w:type="table" w:styleId="a3">
			<w:name w:val="Table Grid" />
			<wx:uiName wx:val="网格型" />
			<w:basedOn w:val="a1" />
			<w:rsid w:val="00663321" />
			<w:rPr>
				<wx:font wx:val="Calibri" />
			</w:rPr>
			<w:tblPr>
				<w:tblInd w:w="0" w:type="dxa" />
				<w:tblBorders>
					<w:top w:val="single" w:sz="4" wx:bdrwidth="10" w:space="0"
	w:color="000000" />
					<w:left w:val="single" w:sz="4" wx:bdrwidth="10" w:space="0"
	w:color="000000" />
					<w:bottom w:val="single" w:sz="4" wx:bdrwidth="10"
	w:space="0" w:color="000000" />
					<w:right w:val="single" w:sz="4" wx:bdrwidth="10" w:space="0"
	w:color="000000" />
					<w:insideH w:val="single" w:sz="4" wx:bdrwidth="10"
	w:space="0" w:color="000000" />
					<w:insideV w:val="single" w:sz="4" wx:bdrwidth="10"
	w:space="0" w:color="000000" />
				</w:tblBorders>
				<w:tblCellMar>
					<w:top w:w="0" w:type="dxa" />
					<w:left w:w="108" w:type="dxa" />
					<w:bottom w:w="0" w:type="dxa" />
					<w:right w:w="108" w:type="dxa" />
				</w:tblCellMar>
			</w:tblPr>
		</w:style>
		<w:style w:type="paragraph" w:styleId="a4">
			<w:name w:val="header" />
			<wx:uiName wx:val="页眉" />
			<w:basedOn w:val="a" />
			<w:link w:val="Char" />
			<w:rsid w:val="00AD5F9F" />
			<w:pPr>
				<w:pBdr>
					<w:bottom w:val="single" w:sz="6" wx:bdrwidth="15"
	w:space="1" w:color="auto" />
				</w:pBdr>
				<w:tabs>
					<w:tab w:val="center" w:pos="4153" />
					<w:tab w:val="right" w:pos="8306" />
				</w:tabs>
				<w:snapToGrid w:val="off" />
				<w:jc w:val="center" />
			</w:pPr>
			<w:rPr>
				<wx:font wx:val="Calibri" />
				<w:sz w:val="18" />
				<w:sz-cs w:val="18" />
			</w:rPr>
		</w:style>
		<w:style w:type="character" w:styleId="Char">
			<w:name w:val="页眉 Char" />
			<w:basedOn w:val="a0" />
			<w:link w:val="a4" />
			<w:rsid w:val="00AD5F9F" />
			<w:rPr>
				<w:kern w:val="2" />
				<w:sz w:val="18" />
				<w:sz-cs w:val="18" />
			</w:rPr>
		</w:style>
		<w:style w:type="paragraph" w:styleId="a5">
			<w:name w:val="footer" />
			<wx:uiName wx:val="页脚" />
			<w:basedOn w:val="a" />
			<w:link w:val="Char0" />
			<w:rsid w:val="00AD5F9F" />
			<w:pPr>
				<w:tabs>
					<w:tab w:val="center" w:pos="4153" />
					<w:tab w:val="right" w:pos="8306" />
				</w:tabs>
				<w:snapToGrid w:val="off" />
				<w:jc w:val="left" />
			</w:pPr>
			<w:rPr>
				<wx:font wx:val="Calibri" />
				<w:sz w:val="18" />
				<w:sz-cs w:val="18" />
			</w:rPr>
		</w:style>
		<w:style w:type="character" w:styleId="Char0">
			<w:name w:val="页脚 Char" />
			<w:basedOn w:val="a0" />
			<w:link w:val="a5" />
			<w:rsid w:val="00AD5F9F" />
			<w:rPr>
				<w:kern w:val="2" />
				<w:sz w:val="18" />
				<w:sz-cs w:val="18" />
			</w:rPr>
		</w:style>
		<w:style w:type="character" w:styleId="1Char">
			<w:name w:val="标题 1 Char" />
			<w:basedOn w:val="a0" />
			<w:link w:val="1" />
			<w:rsid w:val="00413BD7" />
			<w:rPr>
				<w:rFonts w:ascii="Times New Roman" w:h-ansi="Times New Roman" />
				<w:b />
				<w:b-cs />
				<w:kern w:val="32" />
				<w:sz w:val="32" />
				<w:sz-cs w:val="32" />
			</w:rPr>
		</w:style>
		<w:style w:type="character" w:styleId="2Char">
			<w:name w:val="标题 2 Char" />
			<w:basedOn w:val="a0" />
			<w:link w:val="2" />
			<w:rsid w:val="00413BD7" />
			<w:rPr>
				<w:rFonts w:ascii="Arial" w:h-ansi="Arial" />
				<w:b />
				<w:b-cs />
				<w:kern w:val="32" />
				<w:sz w:val="30" />
				<w:sz-cs w:val="32" />
			</w:rPr>
		</w:style>
		<w:style w:type="character" w:styleId="3Char">
			<w:name w:val="标题 3 Char" />
			<w:basedOn w:val="a0" />
			<w:link w:val="3" />
			<w:rsid w:val="00413BD7" />
			<w:rPr>
				<w:rFonts w:ascii="Times New Roman" w:h-ansi="Times New Roman" />
				<w:b />
				<w:b-cs />
				<w:kern w:val="2" />
				<w:sz w:val="28" />
				<w:sz-cs w:val="32" />
			</w:rPr>
		</w:style>
		<w:style w:type="character" w:styleId="4Char">
			<w:name w:val="标题 4 Char" />
			<w:basedOn w:val="a0" />
			<w:link w:val="4" />
			<w:rsid w:val="00413BD7" />
			<w:rPr>
				<w:rFonts w:ascii="Arial" w:fareast="黑体" w:h-ansi="Arial" />
				<w:b />
				<w:b-cs />
				<w:kern w:val="2" />
				<w:sz w:val="28" />
				<w:sz-cs w:val="28" />
			</w:rPr>
		</w:style>
		<w:style w:type="character" w:styleId="5Char">
			<w:name w:val="标题 5 Char" />
			<w:basedOn w:val="a0" />
			<w:link w:val="5" />
			<w:rsid w:val="00413BD7" />
			<w:rPr>
				<w:rFonts w:ascii="Times New Roman" w:h-ansi="Times New Roman" />
				<w:b />
				<w:b-cs />
				<w:kern w:val="2" />
				<w:sz w:val="28" />
				<w:sz-cs w:val="28" />
			</w:rPr>
		</w:style>
		<w:style w:type="character" w:styleId="6Char">
			<w:name w:val="标题 6 Char" />
			<w:basedOn w:val="a0" />
			<w:link w:val="6" />
			<w:rsid w:val="00413BD7" />
			<w:rPr>
				<w:rFonts w:ascii="Arial" w:fareast="黑体" w:h-ansi="Arial" />
				<w:b />
				<w:b-cs />
				<w:kern w:val="2" />
				<w:sz w:val="24" />
				<w:sz-cs w:val="24" />
			</w:rPr>
		</w:style>
		<w:style w:type="character" w:styleId="7Char">
			<w:name w:val="标题 7 Char" />
			<w:basedOn w:val="a0" />
			<w:link w:val="7" />
			<w:rsid w:val="00413BD7" />
			<w:rPr>
				<w:rFonts w:ascii="Times New Roman" w:h-ansi="Times New Roman" />
				<w:b />
				<w:b-cs />
				<w:kern w:val="2" />
				<w:sz w:val="24" />
				<w:sz-cs w:val="24" />
			</w:rPr>
		</w:style>
		<w:style w:type="character" w:styleId="8Char">
			<w:name w:val="标题 8 Char" />
			<w:basedOn w:val="a0" />
			<w:link w:val="8" />
			<w:rsid w:val="00413BD7" />
			<w:rPr>
				<w:rFonts w:ascii="Arial" w:fareast="黑体" w:h-ansi="Arial" />
				<w:kern w:val="2" />
				<w:sz w:val="24" />
				<w:sz-cs w:val="24" />
			</w:rPr>
		</w:style>
		<w:style w:type="character" w:styleId="9Char">
			<w:name w:val="标题 9 Char" />
			<w:basedOn w:val="a0" />
			<w:link w:val="9" />
			<w:rsid w:val="00413BD7" />
			<w:rPr>
				<w:rFonts w:ascii="Arial" w:fareast="黑体" w:h-ansi="Arial" />
				<w:kern w:val="2" />
				<w:sz w:val="28" />
				<w:sz-cs w:val="21" />
			</w:rPr>
		</w:style>
	</w:styles>
	<w:shapeDefaults>
		<o:shapedefaults v:ext="edit" spidmax="3074" />
		<o:shapelayout v:ext="edit">
			<o:idmap v:ext="edit" data="1" />
		</o:shapelayout>
	</w:shapeDefaults>
	<w:docPr>
		<w:view w:val="print" />
		<w:zoom w:percent="80" />
		<w:doNotEmbedSystemFonts />
		<w:bordersDontSurroundHeader />
		<w:bordersDontSurroundFooter />
		<w:defaultTabStop w:val="420" />
		<w:drawingGridVerticalSpacing w:val="156" />
		<w:displayHorizontalDrawingGridEvery
	w:val="0" />
		<w:displayVerticalDrawingGridEvery
	w:val="2" />
		<w:punctuationKerning />
		<w:characterSpacingControl w:val="CompressPunctuation" />
		<w:optimizeForBrowser />
		<w:validateAgainstSchema />
		<w:saveInvalidXML w:val="off" />
		<w:ignoreMixedContent w:val="off" />
		<w:alwaysShowPlaceholderText w:val="off" />
		<w:hdrShapeDefaults>
			<o:shapedefaults v:ext="edit" spidmax="3074" />
		</w:hdrShapeDefaults>
		<w:footnotePr>
			<w:footnote w:type="separator">
				<w:p wsp:rsidR="003A1905" wsp:rsidRDefault="003A1905"
	wsp:rsidP="00AD5F9F">
					<w:r>
						<w:separator />
					</w:r>
				</w:p>
			</w:footnote>
			<w:footnote w:type="continuation-separator">
				<w:p wsp:rsidR="003A1905" wsp:rsidRDefault="003A1905"
	wsp:rsidP="00AD5F9F">
					<w:r>
						<w:continuationSeparator />
					</w:r>
				</w:p>
			</w:footnote>
		</w:footnotePr>
		<w:endnotePr>
			<w:endnote w:type="separator">
				<w:p wsp:rsidR="003A1905" wsp:rsidRDefault="003A1905"
	wsp:rsidP="00AD5F9F">
					<w:r>
						<w:separator />
					</w:r>
				</w:p>
			</w:endnote>
			<w:endnote w:type="continuation-separator">
				<w:p wsp:rsidR="003A1905" wsp:rsidRDefault="003A1905"
	wsp:rsidP="00AD5F9F">
					<w:r>
						<w:continuationSeparator />
					</w:r>
				</w:p>
			</w:endnote>
		</w:endnotePr>
		<w:compat>
			<w:spaceForUL />
			<w:balanceSingleByteDoubleByteWidth />
			<w:doNotLeaveBackslashAlone />
			<w:ulTrailSpace />
			<w:doNotExpandShiftReturn />
			<w:adjustLineHeightInTable />
			<w:breakWrappedTables />
			<w:snapToGridInCell />
			<w:wrapTextWithPunct />
			<w:useAsianBreakRules />
			<w:dontGrowAutofit />
			<w:useFELayout />
		</w:compat>
		<wsp:rsids>
			<wsp:rsidRoot wsp:val="000C040A" />
			<wsp:rsid wsp:val="00090F21" />
			<wsp:rsid wsp:val="000C040A" />
			<wsp:rsid wsp:val="000F6C7F" />
			<wsp:rsid wsp:val="00114E35" />
			<wsp:rsid wsp:val="00171853" />
			<wsp:rsid wsp:val="00182993" />
			<wsp:rsid wsp:val="00274F2A" />
			<wsp:rsid wsp:val="00283FA6" />
			<wsp:rsid wsp:val="00391C56" />
			<wsp:rsid wsp:val="003A1905" />
			<wsp:rsid wsp:val="004000E6" />
			<wsp:rsid wsp:val="00413BD7" />
			<wsp:rsid wsp:val="0049297F" />
			<wsp:rsid wsp:val="004A0C7A" />
			<wsp:rsid wsp:val="00663321" />
			<wsp:rsid wsp:val="0067560C" />
			<wsp:rsid wsp:val="006A5D61" />
			<wsp:rsid wsp:val="006B2A9E" />
			<wsp:rsid wsp:val="00731B55" />
			<wsp:rsid wsp:val="007F6B84" />
			<wsp:rsid wsp:val="008D344A" />
			<wsp:rsid wsp:val="009069AD" />
			<wsp:rsid wsp:val="009368F8" />
			<wsp:rsid wsp:val="0096137C" />
			<wsp:rsid wsp:val="00A91FE9" />
			<wsp:rsid wsp:val="00AD5F9F" />
			<wsp:rsid wsp:val="00B85810" />
			<wsp:rsid wsp:val="00B958D9" />
			<wsp:rsid wsp:val="00BA783C" />
			<wsp:rsid wsp:val="00BF3540" />
			<wsp:rsid wsp:val="00D858C2" />
			<wsp:rsid wsp:val="00EE4376" />
			<wsp:rsid wsp:val="00F44FEE" />
			<wsp:rsid wsp:val="00F71AAE" />
		</wsp:rsids>
	</w:docPr>
	<w:body>
	<#list itemClass as plan4>
		<wx:sub-section>
			<w:p wsp:rsidR="00413BD7" wsp:rsidRPr="00413BD7" wsp:rsidRDefault="00413BD7" wsp:rsidP="00413BD7">
				<w:pPr>
					<w:pStyle w:val="1"/>
					<w:listPr>
						<wx:t wx:val="1"/>
						<wx:font wx:val="Times New Roman"/>
					</w:listPr>
					<w:rPr>
						<w:rFonts w:hint="fareast"/>
						<w:sz w:val="28"/>
						<w:sz-cs w:val="28"/>
					</w:rPr>
				</w:pPr>
				<aml:annotation aml:id="0" w:type="Word.Bookmark.Start" w:name="_Toc257021306"/>
				<w:r wsp:rsidRPr="00413BD7">
					<w:rPr>
						<w:rFonts w:hint="fareast"/>
						<wx:font wx:val="宋体"/>
						<w:sz w:val="28"/>
						<w:sz-cs w:val="28"/>
					</w:rPr>
					<w:t>${plan4.itemClassName}</w:t>
				</w:r>
				<aml:annotation aml:id="0" w:type="Word.Bookmark.End"/>
			</w:p>
			<#list plan4.itemBigClassList as plan3>
			<wx:sub-section>
				<w:p wsp:rsidR="00413BD7" wsp:rsidRPr="00413BD7" wsp:rsidRDefault="00EE4376" wsp:rsidP="00413BD7">
					<w:pPr>
						<w:pStyle w:val="2"/>
						<w:listPr>
							<wx:t wx:val="1.1"/>
							<wx:font wx:val="Times New Roman"/>
						</w:listPr>
						<w:rPr>
							<w:rFonts w:hint="fareast"/>
							<w:sz w:val="28"/>
							<w:sz-cs w:val="28"/>
						</w:rPr>
					</w:pPr>
					<w:r>
						<w:rPr>
							<w:rFonts w:hint="fareast"/>
							<wx:font wx:val="宋体"/>
							<w:sz w:val="28"/>
							<w:sz-cs w:val="28"/>
						</w:rPr>
						<w:t>${plan3.itemBigclassName}</w:t>
					</w:r>
				</w:p>
				<#if plan3.itemBigclassDesc?exists >
				<w:p wsp:rsidR="00413BD7" wsp:rsidRPr="00413BD7" wsp:rsidRDefault="00EE4376" wsp:rsidP="00EE4376">
					<w:pPr>
						<w:ind w:first-line-chars="200" w:first-line="560"/>
						<w:rPr>
							<w:rFonts w:hint="fareast"/>
							<w:sz w:val="28"/>
							<w:sz-cs w:val="28"/>
						</w:rPr>
					</w:pPr>
					<w:r>
						<w:rPr>
							<w:rFonts w:hint="fareast"/>
							<wx:font wx:val="宋体"/>
							<w:sz w:val="28"/>
							<w:sz-cs w:val="28"/>
						</w:rPr>
						<w:t>${plan3.itemBigclassDesc}</w:t>
					</w:r>
				</w:p>
				</#if>
				<wx:sub-section>
				<#list plan3.itemSubclassList as plan2>
					<w:p wsp:rsidR="00413BD7" wsp:rsidRPr="00413BD7" wsp:rsidRDefault="00F71AAE" wsp:rsidP="00413BD7">
						<w:pPr>
							<w:pStyle w:val="3"/>
							<w:listPr>
								<wx:t wx:val="1.1.1"/>
								<wx:font wx:val="Times New Roman"/>
							</w:listPr>
							<w:rPr>
								<w:rFonts w:hint="fareast"/>
								<w:sz-cs w:val="28"/>
							</w:rPr>
						</w:pPr>
						<w:r>
							<w:rPr>
								<w:rFonts w:hint="fareast"/>
								<wx:font wx:val="宋体"/>
								<w:sz-cs w:val="28"/>
							</w:rPr>
							<w:t>${plan2.itemSubclassName}</w:t>
						</w:r>
					</w:p>
					<#if plan2.itemSubclassDesc?exists >
					<w:p wsp:rsidR="00413BD7" wsp:rsidRPr="00413BD7" wsp:rsidRDefault="00F71AAE" wsp:rsidP="00413BD7">
						<w:pPr>
							<w:ind w:first-line-chars="200" w:first-line="560"/>
							<w:rPr>
								<w:rFonts w:hint="fareast"/>
								<w:sz w:val="28"/>
								<w:sz-cs w:val="28"/>
							</w:rPr>
						</w:pPr>
						<w:r>
							<w:rPr>
								<w:rFonts w:hint="fareast"/>
								<wx:font wx:val="宋体"/>
								<w:sz w:val="28"/>
								<w:sz-cs w:val="28"/>
							</w:rPr>
							<w:t>${plan2.itemSubclassDesc}</w:t>
						</w:r>
					</w:p>
					</#if>
					<#list plan2.itemInfoList as plan1>
					<w:p wsp:rsidR="00413BD7" wsp:rsidRPr="00413BD7" wsp:rsidRDefault="00413BD7" wsp:rsidP="00413BD7">
						<w:pPr>
							<w:rPr>
							    <w:rFonts w:ascii="Times New Roman" w:h-ansi="Times New Roman"/>
								<wx:font wx:val="Times New Roman"/>
								<w:sz w:val="28"/>
								<w:sz-cs w:val="28"/>
							</w:rPr>
						</w:pPr>
						<w:r wsp:rsidRPr="00413BD7">
							<w:rPr>
								<w:rFonts w:ascii="Times New Roman" w:h-ansi="Times New Roman"/>
								<wx:font wx:val="Times New Roman"/>
								<w:sz w:val="28"/>
								<w:sz-cs w:val="28"/>
							</w:rPr>
							<w:t>------------------------------------------------------------------------------</w:t>
						</w:r>
					</w:p>
					<#list plan1.itemList as plan>
					<w:p wsp:rsidR="00413BD7" wsp:rsidRDefault="0067560C" wsp:rsidP="00413BD7">
						<w:pPr>
							<w:rPr>
								<w:rFonts w:hint="fareast"/>
								<w:sz w:val="28"/>
								<w:sz-cs w:val="28"/>
							</w:rPr>
						</w:pPr>
						<w:r>
							<w:rPr>
								<w:rFonts w:hint="fareast"/>
								<wx:font wx:val="宋体"/>
								<w:sz w:val="28"/>
								<w:sz-cs w:val="28"/>
							</w:rPr>
							<w:t>${plan.key}<w:t>：</w:t>${plan.value}</w:t>
						</w:r>
					</w:p>
					</#list>
					</#list>
					<w:p wsp:rsidR="00413BD7" wsp:rsidRPr="00413BD7" wsp:rsidRDefault="00413BD7" wsp:rsidP="00413BD7">
						<w:pPr>
							<w:rPr>
							    <w:rFonts w:ascii="Times New Roman" w:h-ansi="Times New Roman"/>
								<wx:font wx:val="Times New Roman"/>
								<w:sz w:val="28"/>
								<w:sz-cs w:val="28"/>
							</w:rPr>
						</w:pPr>
						<w:r wsp:rsidRPr="00413BD7">
							<w:rPr>
							    <w:rFonts w:ascii="Times New Roman" w:h-ansi="Times New Roman"/>
								<wx:font wx:val="Times New Roman"/>
								<w:sz w:val="28"/>
								<w:sz-cs w:val="28"/>
							</w:rPr>
							<w:t>------------------------------------------------------------------------------</w:t>
						</w:r>
					</w:p>
					</#list>
				</wx:sub-section>
			</wx:sub-section>
			</#list>
		</wx:sub-section>
		</#list>
		<w:sectPr wsp:rsidR="00413BD7" wsp:rsidRPr="00413BD7" wsp:rsidSect="000F6C7F">
			<w:pgSz w:w="11906" w:h="16838"/>
			<w:pgMar w:top="1440" w:right="1800" w:bottom="1440" w:left="1800" w:header="851" w:footer="992" w:gutter="0"/>
			<w:cols w:space="425"/>
			<w:docGrid w:type="lines" w:line-pitch="312"/>
		</w:sectPr>
	</w:body>
</w:wordDocument>
